[{"model": "FinalWhistle.tournament", "pk": 1, "fields": {"name": "Coupe du monde de football 2022", "location": "France", "nPoules": 8, "nTeamsInPoule": 4, "date_start": "2022-11-20", "date_end": "2022-12-15"}}, {"model": "FinalWhistle.tournament", "pk": 2, "fields": {"name": "Ligue des champions 2023", "location": "Europe", "nPoules": 8, "nTeamsInPoule": 4, "date_start": "2022-07-21", "date_end": "2023-07-10"}}, {"model": "FinalWhistle.tournament", "pk": 3, "fields": {"name": "Ligue Europa 2022-2023", "location": "Europe", "nPoules": 12, "nTeamsInPoule": 4, "date_start": "2022-09-08", "date_end": "2023-05-31"}}, {"model": "FinalWhistle.tournament", "pk": 4, "fields": {"name": "Youth league 2022-2023", "location": "Europe", "nPoules": 16, "nTeamsInPoule": 4, "date_start": "2022-09-06", "date_end": "2023-04-24"}}, {"model": "FinalWhistle.poule", "pk": 1, "fields": {"number": 1, "tournament": 1}}, {"model": "FinalWhistle.poule", "pk": 2, "fields": {"number": 8, "tournament": 2}}, {"model": "FinalWhistle.poule", "pk": 3, "fields": {"number": 2, "tournament": 1}}, {"model": "FinalWhistle.team", "pk": 1, "fields": {"name": "France", "manager": "Didier Deschamps", "players": "Hugo Lloris, Steve Mandanda, Alphonse Aerola, Benjamin Pavard, Raphael Varane, Dayot Upamecano, Lucas Hernandez, Theo Hernandez, Youssouf Fofana, Adrien Rabiot, Jordan Veretout, Antoine Griezmann, Olivier Giroud, Kylian Mbappe, Kingsley Coman, Karim Benzema, Ousmane Dembele", "poule": 1, "tournament": 1}}, {"model": "FinalWhistle.team", "pk": 2, "fields": {"name": "Australie", "manager": "Graham Arnold", "players": "D. Vukovic, A. Redmayne, M. Degenek, J. King, T. Deng, B. Wright, K. Baccus, C. Devlin, A. Hrustic, G. Kuol, A. Mabil, J. Maclaren, Marco Tilio, J. Cummings", "poule": 1, "tournament": 1}}, {"model": "FinalWhistle.team", "pk": 3, "fields": {"name": "Danemark", "manager": "Kasper Hjulmand", "players": "Kasper Schmeichel, Oliver Christensen, Frederik R├©nnow, Joachim Andersen, Victor Nelsson, Simon Kj├ªr, Mathias Jensen, Thomas Delaney, Christian Eriksen, Mikkel Damsgaard, Martin Braithwaite, Andreas Skov Olsen, Kasper Dolberg, Jonas Wind", "poule": 1, "tournament": 1}}, {"model": "FinalWhistle.team", "pk": 4, "fields": {"name": "Tunisie", "manager": "Jalel Kadri", "players": "Aymen Mathlouthi, Bilel Ifa, Montassar Talbi, Yassine Meriah, Nader Ghandri, Hannibal Mejbri, Ferjani Sassi, Youssef Msakni, Issam Jebali, Wahbi Khazri", "poule": 1, "tournament": 1}}, {"model": "FinalWhistle.team", "pk": 5, "fields": {"name": "Benfica", "manager": "Roger Schmidt", "players": "Player 1, Player 2, Player 3, Player 4, Player 5", "poule": 2, "tournament": 2}}, {"model": "FinalWhistle.team", "pk": 6, "fields": {"name": "PSG", "manager": "Thomas Tuchel", "players": "Player 1, Player 2, Player 3, Player 4, Player 5", "poule": 2, "tournament": 2}}, {"model": "FinalWhistle.team", "pk": 7, "fields": {"name": "Juventus Turin", "manager": "Massimiliano Allegri", "players": "Player 1, Player 2, Player 3, Player 4, Player 5", "poule": 2, "tournament": 2}}, {"model": "FinalWhistle.team", "pk": 8, "fields": {"name": "Maccabi Ha├»fa", "manager": "Barak Bakhar", "players": "Player 1, Player 2, Player 3, Player 4, Player 5", "poule": 2, "tournament": 2}}, {"model": "FinalWhistle.team", "pk": 9, "fields": {"name": "Pays-Bas", "manager": "Ronald Koeman", "players": "Player 1, Player 2, Player 3, Player 4, Player 5", "poule": 3, "tournament": 1}}, {"model": "FinalWhistle.team", "pk": 10, "fields": {"name": "Senegal", "manager": "Aliou Ciss├®", "players": "Player 1, Player 2, Player 3, Player 4, Player 5", "poule": 3, "tournament": 1}}, {"model": "FinalWhistle.team", "pk": 11, "fields": {"name": "Equateur", "manager": "F├®lix S├ínchez", "players": "Player 1, Player 2, Player 3, Player 4, Player 5", "poule": 3, "tournament": 1}}, {"model": "FinalWhistle.team", "pk": 12, "fields": {"name": "Qatar", "manager": "Carlos Queiroz", "players": "Player 1, Player 2, Player 3, Player 4, Player 5", "poule": 3, "tournament": 1}}, {"model": "FinalWhistle.stadium", "pk": 1, "fields": {"name": "Al Bayt Stadium", "latitude": 25.6523, "longitude": 51.4878}}, {"model": "FinalWhistle.stadium", "pk": 2, "fields": {"name": "Al Thumama Stadium", "latitude": 25.235278, "longitude": 51.532182}}, {"model": "FinalWhistle.stadium", "pk": 3, "fields": {"name": "Al Janoub Stadium", "latitude": 25.1598, "longitude": 51.5743}}, {"model": "FinalWhistle.stadium", "pk": 4, "fields": {"name": "Khalifa International Stadium", "latitude": 25.2636, "longitude": 51.4484}}, {"model": "FinalWhistle.stadium", "pk": 5, "fields": {"name": "Education City Stadium", "latitude": 25.3108, "longitude": 51.4244}}, {"model": "FinalWhistle.game", "pk": 1, "fields": {"date": "2022-11-30T20:00:00Z", "location": "Qatar", "home_team": 4, "away_team": 1, "poule": 1, "home_score": 1, "away_score": 0, "stadium": 5}}, {"model": "FinalWhistle.game", "pk": 2, "fields": {"date": "2022-11-22T19:00:00Z", "location": "Qatar", "home_team": 1, "away_team": 2, "poule": 1, "home_score": 4, "away_score": 1, "stadium": 3}}, {"model": "FinalWhistle.game", "pk": 3, "fields": {"date": "2022-11-20T19:00:00Z", "location": "Qatar", "home_team": 12, "away_team": 11, "poule": 3, "home_score": 0, "away_score": 2, "stadium": 1}}, {"model": "FinalWhistle.game", "pk": 4, "fields": {"date": "2022-11-21T19:00:00Z", "location": "Qatar", "home_team": 10, "away_team": 9, "poule": 3, "home_score": 0, "away_score": 2, "stadium": 2}}, {"model": "FinalWhistle.game", "pk": 5, "fields": {"date": "2022-11-25T19:00:00Z", "location": "Qatar", "home_team": 12, "away_team": 10, "poule": 3, "home_score": 1, "away_score": 3, "stadium": 2}}, {"model": "FinalWhistle.game", "pk": 6, "fields": {"date": "2023-11-25T20:00:00Z", "location": "Qatar", "home_team": 9, "away_team": 11, "poule": 3, "home_score": 1, "away_score": 1, "stadium": 4}}, {"model": "FinalWhistle.game", "pk": 7, "fields": {"date": "2022-11-26T20:00:00Z", "location": "Qatar", "home_team": 1, "away_team": 3, "poule": 1, "home_score": 2, "away_score": 1, "stadium": null}}, {"model": "FinalWhistle.game", "pk": 8, "fields": {"date": "2022-11-22T20:00:00Z", "location": "Qatar", "home_team": 3, "away_team": 4, "poule": 1, "home_score": 0, "away_score": 0, "stadium": null}}, {"model": "FinalWhistle.game", "pk": 9, "fields": {"date": "2022-11-26T20:00:00Z", "location": "Qatar", "home_team": 4, "away_team": 2, "poule": 1, "home_score": 0, "away_score": 1, "stadium": null}}, {"model": "FinalWhistle.game", "pk": 10, "fields": {"date": "2022-11-30T20:00:00Z", "location": "Qatar", "home_team": 2, "away_team": 3, "poule": 1, "home_score": 1, "away_score": 0, "stadium": null}}, {"model": "auth.user", "pk": 1, "fields": {"password": "pbkdf2_sha256$600000$Lzis1gUxcSq5sMKYwClGYS$YLXJNWtUMBSJxkZv4KtMCtcIdLuL8xUuBGxq8cW7rN4=", "last_login": "2023-05-02T08:59:20.187Z", "is_superuser": true, "username": "admin", "first_name": "", "last_name": "", "email": "admin@admin.com", "is_staff": true, "is_active": true, "date_joined": "2023-04-21T07:07:43.426Z", "groups": [], "user_permissions": []}}, {"model": "auth.user", "pk": 2, "fields": {"password": "pbkdf2_sha256$600000$rnfKsozbyXJRVDJttDvs4F$N7A9wmZ7qVl/2je/3xJz3gyuhJ0IuBYBn+4pxvpdsA8=", "last_login": "2023-04-21T08:13:02.455Z", "is_superuser": false, "username": "antoine_r", "first_name": "Antoine", "last_name": "Rieuneau", "email": "antoine@rieuneau.com", "is_staff": false, "is_active": true, "date_joined": "2023-04-21T08:12:42Z", "groups": [], "user_permissions": []}}, {"model": "FinalWhistle.comment", "pk": 1, "fields": {"game": 1, "date": "2023-04-21T08:12:02.026Z", "user": ["admin"], "body": "Les Bleus a cote de la plaque pendant plus d'une heure...."}}, {"model": "FinalWhistle.comment", "pk": 2, "fields": {"game": 1, "date": "2023-04-21T08:13:22.352Z", "user": ["antoine_r"], "body": "Le match n'etait pas passionnant."}}, {"model": "FinalWhistle.comment", "pk": 3, "fields": {"game": 1, "date": "2023-04-21T09:08:03.499Z", "user": ["admin"], "body": "En effet..."}}, {"model": "FinalWhistle.comment", "pk": 4, "fields": {"game": 2, "date": "2023-05-02T08:59:39.370Z", "user": ["admin"], "body": "Bon match !"}}]