[{"model": "FinalWhistle.tournament", "pk": 1, "fields": {"name": "Coupe du monde de football 2022", "location": "France", "nPoules": 8, "nTeamsInPoule": 4, "date_start": "2022-11-20", "date_end": "2022-12-15"}}, {"model": "FinalWhistle.tournament", "pk": 2, "fields": {"name": "Ligue des champions 2023", "location": "Europe", "nPoules": 8, "nTeamsInPoule": 4, "date_start": "2022-07-21", "date_end": "2023-07-10"}}, {"model": "FinalWhistle.tournament", "pk": 3, "fields": {"name": "Ligue Europa 2022-2023", "location": "Europe", "nPoules": 12, "nTeamsInPoule": 4, "date_start": "2022-09-08", "date_end": "2023-05-31"}}, {"model": "FinalWhistle.tournament", "pk": 4, "fields": {"name": "Youth league 2022-2023", "location": "Europe", "nPoules": 16, "nTeamsInPoule": 4, "date_start": "2022-09-06", "date_end": "2023-04-24"}}, {"model": "FinalWhistle.poule", "pk": 1, "fields": {"number": 4, "tournament": 1}}, {"model": "FinalWhistle.poule", "pk": 2, "fields": {"number": 8, "tournament": 2}}, {"model": "FinalWhistle.poule", "pk": 3, "fields": {"number": 1, "tournament": 1}}, {"model": "FinalWhistle.poule", "pk": 4, "fields": {"number": 2, "tournament": 1}}, {"model": "FinalWhistle.poule", "pk": 5, "fields": {"number": 3, "tournament": 1}}, {"model": "FinalWhistle.poule", "pk": 6, "fields": {"number": 5, "tournament": 1}}, {"model": "FinalWhistle.poule", "pk": 7, "fields": {"number": 6, "tournament": 1}}, {"model": "FinalWhistle.poule", "pk": 8, "fields": {"number": 7, "tournament": 1}}, {"model": "FinalWhistle.poule", "pk": 9, "fields": {"number": 8, "tournament": 1}}, {"model": "FinalWhistle.round", "pk": 68, "fields": {"match_quantity": 8, "tournament": 1, "round_filled": 1, "score_filled": 1}}, {"model": "FinalWhistle.round", "pk": 69, "fields": {"match_quantity": 4, "tournament": 1, "round_filled": 1, "score_filled": 1}}, {"model": "FinalWhistle.round", "pk": 70, "fields": {"match_quantity": 2, "tournament": 1, "round_filled": 1, "score_filled": 1}}, {"model": "FinalWhistle.round", "pk": 71, "fields": {"match_quantity": 1, "tournament": 1, "round_filled": 1, "score_filled": 0}}, {"model": "FinalWhistle.team", "pk": 1, "fields": {"name": "France", "manager": "Didier Deschamps", "players": "Hugo Lloris, Steve Mandanda, Alphonse Aerola, Benjamin Pavard, Raphael Varane, Dayot Upamecano, Lucas Hernandez, Theo Hernandez, Youssouf Fofana, Adrien Rabiot, Jordan Veretout, Antoine Griezmann, Olivier Giroud, Kylian Mbappe, Kingsley Coman, Karim Benzema, Ousmane Dembele", "poule": 1, "tournament": 1, "round": []}}, {"model": "FinalWhistle.team", "pk": 2, "fields": {"name": "Australie", "manager": "Graham Arnold", "players": "D. Vukovic, A. Redmayne, M. Degenek, J. King, T. Deng, B. Wright, K. Baccus, C. Devlin, A. Hrustic, G. Kuol, A. Mabil, J. Maclaren, Marco Tilio, J. Cummings", "poule": 1, "tournament": 1, "round": []}}, {"model": "FinalWhistle.team", "pk": 3, "fields": {"name": "Danemark", "manager": "Kasper Hjulmand", "players": "Kasper Schmeichel, Oliver Christensen, Frederik R├©nnow, Joachim Andersen, Victor Nelsson, Simon Kj├ªr, Mathias Jensen, Thomas Delaney, Christian Eriksen, Mikkel Damsgaard, Martin Braithwaite, Andreas Skov Olsen, Kasper Dolberg, Jonas Wind", "poule": 1, "tournament": 1, "round": []}}, {"model": "FinalWhistle.team", "pk": 4, "fields": {"name": "Tunisie", "manager": "Jalel Kadri", "players": "Aymen Mathlouthi, Bilel Ifa, Montassar Talbi, Yassine Meriah, Nader Ghandri, Hannibal Mejbri, Ferjani Sassi, Youssef Msakni, Issam Jebali, Wahbi Khazri", "poule": 1, "tournament": 1, "round": []}}, {"model": "FinalWhistle.team", "pk": 5, "fields": {"name": "Benfica", "manager": "Roger Schmidt", "players": "Player 1, Player 2, Player 3, Player 4, Player 5", "poule": 2, "tournament": 2, "round": []}}, {"model": "FinalWhistle.team", "pk": 6, "fields": {"name": "PSG", "manager": "Thomas Tuchel", "players": "Player 1, Player 2, Player 3, Player 4, Player 5", "poule": 2, "tournament": 2, "round": []}}, {"model": "FinalWhistle.team", "pk": 7, "fields": {"name": "Juventus Turin", "manager": "Massimiliano Allegri", "players": "Player 1, Player 2, Player 3, Player 4, Player 5", "poule": 2, "tournament": 2, "round": []}}, {"model": "FinalWhistle.team", "pk": 8, "fields": {"name": "Maccabi Ha├»fa", "manager": "Barak Bakhar", "players": "Player 1, Player 2, Player 3, Player 4, Player 5", "poule": 2, "tournament": 2, "round": []}}, {"model": "FinalWhistle.team", "pk": 9, "fields": {"name": "Pays-Bas", "manager": "Ronald Koeman", "players": "Player 1, Player 2, Player 3, Player 4, Player 5", "poule": 3, "tournament": 1, "round": []}}, {"model": "FinalWhistle.team", "pk": 10, "fields": {"name": "Senegal", "manager": "Aliou Ciss├®", "players": "Player 1, Player 2, Player 3, Player 4, Player 5", "poule": 3, "tournament": 1, "round": []}}, {"model": "FinalWhistle.team", "pk": 11, "fields": {"name": "Equateur", "manager": "F├®lix S├ínchez", "players": "Player 1, Player 2, Player 3, Player 4, Player 5", "poule": 3, "tournament": 1, "round": []}}, {"model": "FinalWhistle.team", "pk": 12, "fields": {"name": "Qatar", "manager": "Carlos Queiroz", "players": "Player 1, Player 2, Player 3, Player 4, Player 5", "poule": 3, "tournament": 1, "round": []}}, {"model": "FinalWhistle.team", "pk": 13, "fields": {"name": "Angleterre", "manager": "Harry Wilson", "players": "Players", "poule": 4, "tournament": 1, "round": []}}, {"model": "FinalWhistle.team", "pk": 14, "fields": {"name": "Etats-Unis", "manager": "Dennis Blumenfield", "players": "Players", "poule": 4, "tournament": 1, "round": []}}, {"model": "FinalWhistle.team", "pk": 15, "fields": {"name": "Iran", "manager": "Parisa Azizi", "players": "Players", "poule": 4, "tournament": 1, "round": []}}, {"model": "FinalWhistle.team", "pk": 16, "fields": {"name": "Pays de Galles", "manager": "Rhys Davies", "players": "Players", "poule": 4, "tournament": 1, "round": []}}, {"model": "FinalWhistle.team", "pk": 17, "fields": {"name": "Argentine", "manager": "Sofia Fernandez", "players": "Players", "poule": 5, "tournament": 1, "round": []}}, {"model": "FinalWhistle.team", "pk": 18, "fields": {"name": "Pologne", "manager": "Adam Nowak", "players": "Players", "poule": 5, "tournament": 1, "round": []}}, {"model": "FinalWhistle.team", "pk": 19, "fields": {"name": "Mexique", "manager": "Diego Garcia", "players": "Players", "poule": 5, "tournament": 1, "round": []}}, {"model": "FinalWhistle.team", "pk": 20, "fields": {"name": "Arabie Saoudite", "manager": "Fatima Al-Malik", "players": "Players", "poule": 5, "tournament": 1, "round": []}}, {"model": "FinalWhistle.team", "pk": 21, "fields": {"name": "Japon", "manager": "Yui Nakamura", "players": "Players", "poule": 6, "tournament": 1, "round": []}}, {"model": "FinalWhistle.team", "pk": 22, "fields": {"name": "Espagne", "manager": "Carlos Rodriguez", "players": "Players", "poule": 6, "tournament": 1, "round": []}}, {"model": "FinalWhistle.team", "pk": 23, "fields": {"name": "Allemagne", "manager": "Hans Muller", "players": "Players", "poule": 6, "tournament": 1, "round": []}}, {"model": "FinalWhistle.team", "pk": 24, "fields": {"name": "Costa Rica", "manager": "Sofia Esquivel", "players": "Players", "poule": 6, "tournament": 1, "round": []}}, {"model": "FinalWhistle.team", "pk": 25, "fields": {"name": "Maroc", "manager": "Fatima El Khattabi", "players": "Players", "poule": 7, "tournament": 1, "round": []}}, {"model": "FinalWhistle.team", "pk": 26, "fields": {"name": "Croatie", "manager": "Marko Kovac", "players": "Players", "poule": 7, "tournament": 1, "round": []}}, {"model": "FinalWhistle.team", "pk": 27, "fields": {"name": "Belgique", "manager": "Leo Dubois", "players": "Players", "poule": 7, "tournament": 1, "round": []}}, {"model": "FinalWhistle.team", "pk": 28, "fields": {"name": "Canada", "manager": "Olivia Chen", "players": "Players", "poule": 7, "tournament": 1, "round": []}}, {"model": "FinalWhistle.team", "pk": 29, "fields": {"name": "Bresil", "manager": "Lucas Oliveira", "players": "Players", "poule": 8, "tournament": 1, "round": []}}, {"model": "FinalWhistle.team", "pk": 30, "fields": {"name": "Suisse", "manager": "Anna Meier", "players": "Players", "poule": 8, "tournament": 1, "round": []}}, {"model": "FinalWhistle.team", "pk": 31, "fields": {"name": "Cameroun", "manager": "Jean Njoh", "players": "Players", "poule": 8, "tournament": 1, "round": []}}, {"model": "FinalWhistle.team", "pk": 32, "fields": {"name": "Serbie", "manager": "Milena Petrovic", "players": "Players", "poule": 8, "tournament": 1, "round": []}}, {"model": "FinalWhistle.team", "pk": 33, "fields": {"name": "Portugal", "manager": "Ines Rodrigues", "players": "Players", "poule": 9, "tournament": 1, "round": []}}, {"model": "FinalWhistle.team", "pk": 34, "fields": {"name": "Coree du Sud", "manager": "Min-Jae Kim", "players": "Players", "poule": 9, "tournament": 1, "round": []}}, {"model": "FinalWhistle.team", "pk": 35, "fields": {"name": "Uruguay", "manager": "Mateo Suarez", "players": "Players", "poule": 9, "tournament": 1, "round": []}}, {"model": "FinalWhistle.team", "pk": 36, "fields": {"name": "Ghana", "manager": "Kwame Mensah", "players": "Players", "poule": 9, "tournament": 1, "round": []}}, {"model": "FinalWhistle.stadium", "pk": 1, "fields": {"name": "Al Bayt Stadium", "latitude": 25.6523, "longitude": 51.4878}}, {"model": "FinalWhistle.stadium", "pk": 2, "fields": {"name": "Al Thumama Stadium", "latitude": 25.235278, "longitude": 51.532182}}, {"model": "FinalWhistle.stadium", "pk": 3, "fields": {"name": "Al Janoub Stadium", "latitude": 25.1598, "longitude": 51.5743}}, {"model": "FinalWhistle.stadium", "pk": 4, "fields": {"name": "Khalifa International Stadium", "latitude": 25.2636, "longitude": 51.4484}}, {"model": "FinalWhistle.stadium", "pk": 5, "fields": {"name": "Education City Stadium", "latitude": 25.3108, "longitude": 51.4244}}, {"model": "FinalWhistle.stadium", "pk": 6, "fields": {"name": "Stadium 974", "latitude": 25.2888, "longitude": 51.5653}}, {"model": "FinalWhistle.game", "pk": 1, "fields": {"date": "2022-11-30T20:00:00Z", "home_team": 4, "away_team": 1, "poule": 1, "round": null, "home_score": 1, "away_score": 0, "stadium": 5, "tab_home": null, "tab_away": null}}, {"model": "FinalWhistle.game", "pk": 2, "fields": {"date": "2022-11-22T19:00:00Z", "home_team": 1, "away_team": 2, "poule": 1, "round": null, "home_score": 4, "away_score": 1, "stadium": 3, "tab_home": null, "tab_away": null}}, {"model": "FinalWhistle.game", "pk": 3, "fields": {"date": "2022-11-20T19:00:00Z", "home_team": 12, "away_team": 11, "poule": 3, "round": null, "home_score": 0, "away_score": 2, "stadium": 1, "tab_home": null, "tab_away": null}}, {"model": "FinalWhistle.game", "pk": 4, "fields": {"date": "2022-11-21T19:00:00Z", "home_team": 10, "away_team": 9, "poule": 3, "round": null, "home_score": 0, "away_score": 2, "stadium": 2, "tab_home": null, "tab_away": null}}, {"model": "FinalWhistle.game", "pk": 5, "fields": {"date": "2022-11-25T19:00:00Z", "home_team": 12, "away_team": 10, "poule": 3, "round": null, "home_score": 1, "away_score": 3, "stadium": 2, "tab_home": null, "tab_away": null}}, {"model": "FinalWhistle.game", "pk": 6, "fields": {"date": "2023-11-25T20:00:00Z", "home_team": 9, "away_team": 11, "poule": 3, "round": null, "home_score": 1, "away_score": 1, "stadium": 4, "tab_home": null, "tab_away": null}}, {"model": "FinalWhistle.game", "pk": 7, "fields": {"date": "2022-11-26T20:00:00Z", "home_team": 1, "away_team": 3, "poule": 1, "round": null, "home_score": 2, "away_score": 1, "stadium": 6, "tab_home": null, "tab_away": null}}, {"model": "FinalWhistle.game", "pk": 8, "fields": {"date": "2022-11-22T20:00:00Z", "home_team": 3, "away_team": 4, "poule": 1, "round": null, "home_score": 0, "away_score": 0, "stadium": 5, "tab_home": null, "tab_away": null}}, {"model": "FinalWhistle.game", "pk": 9, "fields": {"date": "2022-11-26T20:00:00Z", "home_team": 4, "away_team": 2, "poule": 1, "round": null, "home_score": 0, "away_score": 1, "stadium": 3, "tab_home": null, "tab_away": null}}, {"model": "FinalWhistle.game", "pk": 10, "fields": {"date": "2022-11-30T20:00:00Z", "home_team": 2, "away_team": 3, "poule": 1, "round": null, "home_score": 1, "away_score": 0, "stadium": 3, "tab_home": null, "tab_away": null}}, {"model": "FinalWhistle.game", "pk": 35, "fields": {"date": "2022-11-21T13:00:00Z", "home_team": 13, "away_team": 15, "poule": 4, "round": null, "home_score": 6, "away_score": 2, "stadium": 4, "tab_home": null, "tab_away": null}}, {"model": "FinalWhistle.game", "pk": 36, "fields": {"date": "2022-11-21T19:00:00Z", "home_team": 14, "away_team": 16, "poule": 4, "round": null, "home_score": 1, "away_score": 1, "stadium": 2, "tab_home": null, "tab_away": null}}, {"model": "FinalWhistle.game", "pk": 37, "fields": {"date": "2022-11-25T10:00:00Z", "home_team": 16, "away_team": 15, "poule": 4, "round": null, "home_score": 0, "away_score": 2, "stadium": 6, "tab_home": null, "tab_away": null}}, {"model": "FinalWhistle.game", "pk": 38, "fields": {"date": "2022-11-25T19:00:00Z", "home_team": 13, "away_team": 14, "poule": 4, "round": null, "home_score": 0, "away_score": 0, "stadium": 1, "tab_home": null, "tab_away": null}}, {"model": "FinalWhistle.game", "pk": 39, "fields": {"date": "2022-11-29T19:00:00Z", "home_team": 15, "away_team": 14, "poule": 4, "round": null, "home_score": 0, "away_score": 1, "stadium": 2, "tab_home": null, "tab_away": null}}, {"model": "FinalWhistle.game", "pk": 40, "fields": {"date": "2022-11-29T19:00:00Z", "home_team": 16, "away_team": 13, "poule": 4, "round": null, "home_score": 0, "away_score": 3, "stadium": 6, "tab_home": null, "tab_away": null}}, {"model": "FinalWhistle.game", "pk": 41, "fields": {"date": "2022-11-22T10:00:00Z", "home_team": 17, "away_team": 20, "poule": 5, "round": null, "home_score": 1, "away_score": 2, "stadium": 6, "tab_home": null, "tab_away": null}}, {"model": "FinalWhistle.game", "pk": 42, "fields": {"date": "2022-11-22T16:00:00Z", "home_team": 19, "away_team": 18, "poule": 5, "round": null, "home_score": 0, "away_score": 0, "stadium": 6, "tab_home": null, "tab_away": null}}, {"model": "FinalWhistle.game", "pk": 43, "fields": {"date": "2022-11-26T13:00:00Z", "home_team": 18, "away_team": 20, "poule": 5, "round": null, "home_score": 2, "away_score": 0, "stadium": 5, "tab_home": null, "tab_away": null}}, {"model": "FinalWhistle.game", "pk": 44, "fields": {"date": "2022-11-26T19:00:00Z", "home_team": 17, "away_team": 19, "poule": 5, "round": null, "home_score": 2, "away_score": 0, "stadium": 6, "tab_home": null, "tab_away": null}}, {"model": "FinalWhistle.game", "pk": 45, "fields": {"date": "2022-11-30T19:00:00Z", "home_team": 18, "away_team": 17, "poule": 5, "round": null, "home_score": 0, "away_score": 2, "stadium": 6, "tab_home": null, "tab_away": null}}, {"model": "FinalWhistle.game", "pk": 46, "fields": {"date": "2022-11-30T19:00:00Z", "home_team": 20, "away_team": 19, "poule": 5, "round": null, "home_score": 1, "away_score": 2, "stadium": 3, "tab_home": null, "tab_away": null}}, {"model": "FinalWhistle.game", "pk": 47, "fields": {"date": "2022-11-23T13:00:00Z", "home_team": 23, "away_team": 21, "poule": 6, "round": null, "home_score": 1, "away_score": 2, "stadium": 4, "tab_home": null, "tab_away": null}}, {"model": "FinalWhistle.game", "pk": 48, "fields": {"date": "2022-11-23T16:00:00Z", "home_team": 22, "away_team": 24, "poule": 6, "round": null, "home_score": 7, "away_score": 0, "stadium": 2, "tab_home": null, "tab_away": null}}, {"model": "FinalWhistle.game", "pk": 49, "fields": {"date": "2022-11-27T10:00:00Z", "home_team": 21, "away_team": 24, "poule": 6, "round": null, "home_score": 0, "away_score": 1, "stadium": 1, "tab_home": null, "tab_away": null}}, {"model": "FinalWhistle.game", "pk": 50, "fields": {"date": "2022-11-27T19:00:00Z", "home_team": 22, "away_team": 23, "poule": 6, "round": null, "home_score": 1, "away_score": 1, "stadium": 1, "tab_home": null, "tab_away": null}}, {"model": "FinalWhistle.game", "pk": 51, "fields": {"date": "2022-12-01T19:00:00Z", "home_team": 24, "away_team": 23, "poule": 6, "round": null, "home_score": 2, "away_score": 4, "stadium": 1, "tab_home": null, "tab_away": null}}, {"model": "FinalWhistle.game", "pk": 52, "fields": {"date": "2022-12-01T19:00:00Z", "home_team": 21, "away_team": 22, "poule": 6, "round": null, "home_score": 2, "away_score": 1, "stadium": 4, "tab_home": null, "tab_away": null}}, {"model": "FinalWhistle.game", "pk": 53, "fields": {"date": "2022-11-23T10:00:00Z", "home_team": 25, "away_team": 26, "poule": 7, "round": null, "home_score": 0, "away_score": 0, "stadium": 1, "tab_home": null, "tab_away": null}}, {"model": "FinalWhistle.game", "pk": 54, "fields": {"date": "2022-11-23T19:00:00Z", "home_team": 27, "away_team": 28, "poule": 7, "round": null, "home_score": 1, "away_score": 0, "stadium": 3, "tab_home": null, "tab_away": null}}, {"model": "FinalWhistle.game", "pk": 55, "fields": {"date": "2022-11-27T13:00:00Z", "home_team": 27, "away_team": 25, "poule": 7, "round": null, "home_score": 0, "away_score": 2, "stadium": 2, "tab_home": null, "tab_away": null}}, {"model": "FinalWhistle.game", "pk": 56, "fields": {"date": "2022-11-27T16:00:00Z", "home_team": 26, "away_team": 28, "poule": 7, "round": null, "home_score": 4, "away_score": 1, "stadium": 4, "tab_home": null, "tab_away": null}}, {"model": "FinalWhistle.game", "pk": 57, "fields": {"date": "2022-12-01T15:00:00Z", "home_team": 28, "away_team": 25, "poule": 7, "round": null, "home_score": 1, "away_score": 2, "stadium": 2, "tab_home": null, "tab_away": null}}, {"model": "FinalWhistle.game", "pk": 58, "fields": {"date": "2022-12-01T15:00:00Z", "home_team": 26, "away_team": 27, "poule": 7, "round": null, "home_score": 0, "away_score": 0, "stadium": 1, "tab_home": null, "tab_away": null}}, {"model": "FinalWhistle.game", "pk": 59, "fields": {"date": "2022-11-24T10:00:00Z", "home_team": 30, "away_team": 31, "poule": 8, "round": null, "home_score": 1, "away_score": 0, "stadium": 3, "tab_home": null, "tab_away": null}}, {"model": "FinalWhistle.game", "pk": 60, "fields": {"date": "2022-11-14T19:00:00Z", "home_team": 29, "away_team": 32, "poule": 8, "round": null, "home_score": 2, "away_score": 0, "stadium": 4, "tab_home": null, "tab_away": null}}, {"model": "FinalWhistle.game", "pk": 61, "fields": {"date": "2022-11-28T10:00:00Z", "home_team": 31, "away_team": 32, "poule": 8, "round": null, "home_score": 3, "away_score": 3, "stadium": 3, "tab_home": null, "tab_away": null}}, {"model": "FinalWhistle.game", "pk": 62, "fields": {"date": "2022-11-28T16:00:00Z", "home_team": 29, "away_team": 30, "poule": 8, "round": null, "home_score": 1, "away_score": 0, "stadium": 6, "tab_home": null, "tab_away": null}}, {"model": "FinalWhistle.game", "pk": 63, "fields": {"date": "2022-12-02T19:00:00Z", "home_team": 32, "away_team": 30, "poule": 8, "round": null, "home_score": 2, "away_score": 3, "stadium": 6, "tab_home": null, "tab_away": null}}, {"model": "FinalWhistle.game", "pk": 64, "fields": {"date": "2022-12-02T19:00:00Z", "home_team": 31, "away_team": 29, "poule": 8, "round": null, "home_score": 1, "away_score": 0, "stadium": 1, "tab_home": null, "tab_away": null}}, {"model": "FinalWhistle.game", "pk": 65, "fields": {"date": "2022-11-24T13:00:00Z", "home_team": 35, "away_team": 34, "poule": 9, "round": null, "home_score": 0, "away_score": 0, "stadium": 5, "tab_home": null, "tab_away": null}}, {"model": "FinalWhistle.game", "pk": 66, "fields": {"date": "2022-11-24T16:00:00Z", "home_team": 33, "away_team": 36, "poule": 9, "round": null, "home_score": 3, "away_score": 2, "stadium": 6, "tab_home": null, "tab_away": null}}, {"model": "FinalWhistle.game", "pk": 67, "fields": {"date": "2022-11-28T13:00:00Z", "home_team": 34, "away_team": 36, "poule": 9, "round": null, "home_score": 2, "away_score": 3, "stadium": 5, "tab_home": null, "tab_away": null}}, {"model": "FinalWhistle.game", "pk": 68, "fields": {"date": "2022-11-28T19:00:00Z", "home_team": 33, "away_team": 35, "poule": 9, "round": null, "home_score": 2, "away_score": 0, "stadium": 3, "tab_home": null, "tab_away": null}}, {"model": "FinalWhistle.game", "pk": 69, "fields": {"date": "2022-12-02T15:00:00Z", "home_team": 36, "away_team": 35, "poule": 9, "round": null, "home_score": 0, "away_score": 2, "stadium": 3, "tab_home": null, "tab_away": null}}, {"model": "FinalWhistle.game", "pk": 70, "fields": {"date": "2022-12-02T15:00:00Z", "home_team": 34, "away_team": 33, "poule": 9, "round": null, "home_score": 2, "away_score": 1, "stadium": 5, "tab_home": null, "tab_away": null}}, {"model": "FinalWhistle.game", "pk": 112, "fields": {"date": "2022-11-29T15:00:00Z", "home_team": 11, "away_team": 10, "poule": 3, "round": null, "home_score": 1, "away_score": 2, "stadium": 1, "tab_home": null, "tab_away": null}}, {"model": "FinalWhistle.game", "pk": 113, "fields": {"date": "2022-11-29T15:00:00Z", "home_team": 9, "away_team": 12, "poule": 3, "round": null, "home_score": 2, "away_score": 0, "stadium": 4, "tab_home": null, "tab_away": null}}, {"model": "FinalWhistle.game", "pk": 186, "fields": {"date": "2023-05-04T18:09:38Z", "home_team": 9, "away_team": 14, "poule": null, "round": 68, "home_score": 1, "away_score": 0, "stadium": 2, "tab_home": null, "tab_away": null}}, {"model": "FinalWhistle.game", "pk": 187, "fields": {"date": "2023-05-04T18:09:39Z", "home_team": 13, "away_team": 10, "poule": null, "round": 68, "home_score": 1, "away_score": 0, "stadium": 3, "tab_home": null, "tab_away": null}}, {"model": "FinalWhistle.game", "pk": 188, "fields": {"date": "2023-05-04T18:09:41Z", "home_team": 17, "away_team": 2, "poule": null, "round": 68, "home_score": 1, "away_score": 0, "stadium": 3, "tab_home": null, "tab_away": null}}, {"model": "FinalWhistle.game", "pk": 189, "fields": {"date": "2023-05-04T18:09:42Z", "home_team": 1, "away_team": 18, "poule": null, "round": 68, "home_score": 1, "away_score": 0, "stadium": 2, "tab_home": null, "tab_away": null}}, {"model": "FinalWhistle.game", "pk": 190, "fields": {"date": "2023-05-04T18:09:43Z", "home_team": 21, "away_team": 26, "poule": null, "round": 68, "home_score": 1, "away_score": 0, "stadium": 5, "tab_home": null, "tab_away": null}}, {"model": "FinalWhistle.game", "pk": 191, "fields": {"date": "2023-05-04T18:09:44Z", "home_team": 25, "away_team": 22, "poule": null, "round": 68, "home_score": 1, "away_score": 0, "stadium": 4, "tab_home": null, "tab_away": null}}, {"model": "FinalWhistle.game", "pk": 192, "fields": {"date": "2023-05-04T18:09:46Z", "home_team": 29, "away_team": 34, "poule": null, "round": 68, "home_score": 1, "away_score": 0, "stadium": 1, "tab_home": null, "tab_away": null}}, {"model": "FinalWhistle.game", "pk": 193, "fields": {"date": "2023-05-04T18:09:47Z", "home_team": 33, "away_team": 30, "poule": null, "round": 68, "home_score": 1, "away_score": 0, "stadium": 1, "tab_home": null, "tab_away": null}}, {"model": "FinalWhistle.game", "pk": 194, "fields": {"date": "2023-05-04T18:23:58Z", "home_team": 9, "away_team": 13, "poule": null, "round": 69, "home_score": 1, "away_score": 0, "stadium": 3, "tab_home": null, "tab_away": null}}, {"model": "FinalWhistle.game", "pk": 195, "fields": {"date": "2023-05-04T18:23:59Z", "home_team": 17, "away_team": 1, "poule": null, "round": 69, "home_score": 1, "away_score": 0, "stadium": 5, "tab_home": null, "tab_away": null}}, {"model": "FinalWhistle.game", "pk": 196, "fields": {"date": "2023-05-04T18:24:00Z", "home_team": 21, "away_team": 25, "poule": null, "round": 69, "home_score": 1, "away_score": 0, "stadium": 1, "tab_home": null, "tab_away": null}}, {"model": "FinalWhistle.game", "pk": 197, "fields": {"date": "2023-05-04T18:24:01Z", "home_team": 29, "away_team": 33, "poule": null, "round": 69, "home_score": 1, "away_score": 0, "stadium": 2, "tab_home": null, "tab_away": null}}, {"model": "FinalWhistle.game", "pk": 198, "fields": {"date": "2023-05-04T21:33:53Z", "home_team": 9, "away_team": 17, "poule": null, "round": 70, "home_score": 2, "away_score": 1, "stadium": 2, "tab_home": null, "tab_away": null}}, {"model": "FinalWhistle.game", "pk": 199, "fields": {"date": "2023-05-04T21:33:54Z", "home_team": 21, "away_team": 29, "poule": null, "round": 70, "home_score": 3, "away_score": 4, "stadium": 1, "tab_home": null, "tab_away": null}}, {"model": "FinalWhistle.game", "pk": 200, "fields": {"date": null, "home_team": 9, "away_team": 29, "poule": null, "round": 71, "home_score": null, "away_score": null, "stadium": null, "tab_home": null, "tab_away": null}}, {"model": "auth.user", "pk": 1, "fields": {"password": "pbkdf2_sha256$600000$Lzis1gUxcSq5sMKYwClGYS$YLXJNWtUMBSJxkZv4KtMCtcIdLuL8xUuBGxq8cW7rN4=", "last_login": "2023-05-03T15:17:46.460Z", "is_superuser": true, "username": "admin", "first_name": "", "last_name": "", "email": "admin@admin.com", "is_staff": true, "is_active": true, "date_joined": "2023-04-21T07:07:43.426Z", "groups": [], "user_permissions": []}}, {"model": "auth.user", "pk": 2, "fields": {"password": "pbkdf2_sha256$600000$rnfKsozbyXJRVDJttDvs4F$N7A9wmZ7qVl/2je/3xJz3gyuhJ0IuBYBn+4pxvpdsA8=", "last_login": "2023-04-21T08:13:02.455Z", "is_superuser": false, "username": "antoine_r", "first_name": "Antoine", "last_name": "Rieuneau", "email": "antoine@rieuneau.com", "is_staff": false, "is_active": true, "date_joined": "2023-04-21T08:12:42Z", "groups": [], "user_permissions": []}}, {"model": "FinalWhistle.comment", "pk": 1, "fields": {"game": 1, "date": "2023-04-21T08:12:02.026Z", "user": ["admin"], "body": "Les Bleus a cote de la plaque pendant plus d'une heure...."}}, {"model": "FinalWhistle.comment", "pk": 2, "fields": {"game": 1, "date": "2023-04-21T08:13:22.352Z", "user": ["antoine_r"], "body": "Le match n'etait pas passionnant."}}, {"model": "FinalWhistle.comment", "pk": 3, "fields": {"game": 1, "date": "2023-04-21T09:08:03.499Z", "user": ["admin"], "body": "En effet..."}}, {"model": "FinalWhistle.comment", "pk": 4, "fields": {"game": 2, "date": "2023-05-02T08:59:39.370Z", "user": ["admin"], "body": "Bon match !"}}]